product_id,site_id,date,engine_hrs,fuel_l,engine_temp_c,_cum_hours
D3-U01,S001,2026-07-08,8.9,104.0,88.2,4781.8
D3-U01,S001,2026-07-09,7.6,89.9,89.9,4789.4
D3-U01,S001,2026-07-10,7.1,84.6,89.3,4796.4
D3-U01,S001,2026-07-11,7.4,88.8,88.8,4803.9
D3-U01,S001,2026-07-12,8.5,102.6,89.9,4812.4
D3-U01,S001,2026-07-13,7.0,84.8,89.7,4819.4
D3-U01,S001,2026-07-14,8.9,108.9,90.1,4828.3
D3-U01,S001,2026-07-15,5.7,70.3,89.8,4834.0
D3-U01,S001,2026-07-16,8.2,101.0,91.1,4842.2
D3-U01,S001,2026-07-17,7.6,94.7,91.6,4849.8
D3-U01,S001,2026-07-18,6.9,85.7,91.7,4856.7
D3-U01,S001,2026-07-19,6.8,85.5,92.0,4863.5
D3-U01,S001,2026-07-20,7.9,98.9,91.3,4871.4
D3-U01,S001,2026-07-21,5.7,72.0,92.1,4877.1
D3-U01,S001,2026-07-22,4.9,61.8,92.5,4881.9
D3-U01,S001,2026-07-23,7.8,100.6,92.3,4889.8
D3-U01,S001,2026-07-24,9.3,120.0,93.0,4899.1
D3-U01,S001,2026-07-25,9.6,124.7,92.3,4908.7
D3-U01,S001,2026-07-26,7.6,99.2,93.0,4916.4
D3-U01,S001,2026-07-27,10.2,133.7,92.5,4926.5
D3-U01,S001,2026-07-28,9.8,129.0,92.6,4936.3
D3-U01,S001,2026-07-29,8.3,110.0,94.5,4944.6
D3-U01,S001,2026-07-30,5.5,73.5,93.2,4950.1
D3-U01,S001,2026-07-31,7.5,100.0,93.4,4957.5
D3-U01,S001,2026-08-01,7.7,104.1,94.1,4965.2
D3-U01,S001,2026-08-02,8.3,111.9,94.7,4973.5
D3-U01,S001,2026-08-03,9.4,127.6,95.5,4982.9
D3-U01,S001,2026-08-04,7.2,98.0,95.4,4990.1
D3-U01,S001,2026-08-05,6.9,95.6,95.8,4997.1
D3-U01,S001,2026-08-06,6.7,92.2,95.9,5003.7
216B3-U01,S001,2026-07-08,10.0,118.9,89.7,4798.5
216B3-U01,S001,2026-07-09,7.0,83.8,89.6,4805.6
216B3-U01,S001,2026-07-10,6.5,77.3,90.6,4812.1
216B3-U01,S001,2026-07-11,7.4,89.3,90.4,4819.5
216B3-U01,S001,2026-07-12,8.4,102.2,90.6,4827.9
216B3-U01,S001,2026-07-13,9.8,118.9,90.2,4837.7
216B3-U01,S001,2026-07-14,9.6,118.3,91.5,4847.3
216B3-U01,S001,2026-07-15,8.4,103.7,91.3,4855.7
216B3-U01,S001,2026-07-16,9.0,111.1,90.5,4864.7
216B3-U01,S001,2026-07-17,5.9,72.9,91.0,4870.6
216B3-U01,S001,2026-07-18,8.2,103.8,92.1,4878.8
216B3-U01,S001,2026-07-19,10.3,130.3,91.3,4889.1
216B3-U01,S001,2026-07-20,7.8,99.9,92.2,4897.0
216B3-U01,S001,2026-07-21,9.8,125.2,92.8,4906.8
216B3-U01,S001,2026-07-22,5.5,71.1,92.6,4912.3
216B3-U01,S001,2026-07-23,5.0,63.9,92.5,4917.3
216B3-U01,S001,2026-07-24,5.1,66.8,93.4,4922.4
216B3-U01,S001,2026-07-25,7.3,95.5,93.9,4929.7
216B3-U01,S001,2026-07-26,6.9,90.1,93.6,4936.6
216B3-U01,S001,2026-07-27,8.7,114.6,93.6,4945.3
216B3-U01,S001,2026-07-28,7.0,93.0,94.2,4952.3
216B3-U01,S001,2026-07-29,8.4,111.6,94.1,4960.7
216B3-U01,S001,2026-07-30,6.8,90.8,95.2,4967.5
216B3-U01,S001,2026-07-31,5.2,70.4,93.9,4972.7
216B3-U01,S001,2026-08-01,8.4,114.6,95.1,4981.1
216B3-U01,S001,2026-08-02,5.7,77.6,94.2,4986.9
216B3-U01,S001,2026-08-03,9.1,124.8,95.8,4995.9
216B3-U01,S001,2026-08-04,9.2,126.4,94.7,5005.2
216B3-U01,S001,2026-08-05,6.7,93.4,95.6,5011.9
216B3-U01,S001,2026-08-06,4.3,60.4,95.6,5016.2
239D3-U01,S001,2026-07-08,6.7,73.1,89.6,4584.7
239D3-U01,S001,2026-07-09,8.8,97.2,90.5,4593.5
239D3-U01,S001,2026-07-10,8.7,98.3,90.2,4602.2
239D3-U01,S001,2026-07-11,7.5,85.3,91.2,4609.7
239D3-U01,S001,2026-07-12,7.4,84.3,91.9,4617.1
239D3-U01,S001,2026-07-13,8.5,98.6,92.6,4625.6
239D3-U01,S001,2026-07-14,6.8,80.9,92.1,4632.4
239D3-U01,S001,2026-07-15,3.9,46.5,92.5,4636.3
239D3-U01,S001,2026-07-16,7.4,90.3,93.4,4643.7
239D3-U01,S001,2026-07-17,9.8,119.6,95.2,4653.5
239D3-U01,S001,2026-07-18,7.5,94.1,95.7,4660.9
239D3-U01,S001,2026-07-19,7.2,92.1,96.4,4668.1
239D3-U01,S001,2026-07-20,3.7,47.7,95.3,4671.9
239D3-U01,S001,2026-07-21,5.6,73.0,97.5,4677.4
239D3-U01,S001,2026-07-22,9.8,128.5,97.6,4687.2
239D3-U01,S001,2026-07-23,8.0,106.6,98.8,4695.2
239D3-U01,S001,2026-07-24,9.8,132.4,99.0,4705.0
239D3-U01,S001,2026-07-25,6.7,90.9,98.9,4711.6
239D3-U01,S001,2026-07-26,7.7,106.8,99.8,4719.3
239D3-U01,S001,2026-07-27,3.6,51.0,101.4,4722.9
239D3-U01,S001,2026-07-28,5.8,82.8,102.1,4728.7
239D3-U01,S001,2026-07-29,10.7,155.0,101.8,4739.4
239D3-U01,S001,2026-07-30,7.5,109.0,102.5,4746.9
239D3-U01,S001,2026-07-31,7.0,101.8,102.4,4753.9
239D3-U01,S001,2026-08-01,4.3,62.9,102.9,4758.2
239D3-U01,S001,2026-08-02,6.2,93.4,104.2,4764.4
239D3-U01,S001,2026-08-03,8.2,124.8,105.5,4772.6
239D3-U01,S001,2026-08-04,9.2,141.0,106.1,4781.8
239D3-U01,S001,2026-08-05,7.3,113.5,107.3,4789.1
239D3-U01,S001,2026-08-06,7.7,119.6,106.0,4796.8
320-U01,S001,2026-07-08,8.1,82.6,81.4,2762.4
320-U01,S001,2026-07-09,9.0,91.6,81.8,2771.4
320-U01,S001,2026-07-10,8.3,85.6,83.6,2779.7
320-U01,S001,2026-07-11,5.7,58.9,83.2,2785.4
320-U01,S001,2026-07-12,8.5,87.7,83.7,2793.9
320-U01,S001,2026-07-13,9.8,103.4,83.1,2803.7
320-U01,S001,2026-07-14,8.2,86.4,84.4,2812.0
320-U01,S001,2026-07-15,6.3,66.4,84.3,2818.3
320-U01,S001,2026-07-16,5.9,63.5,83.9,2824.2
320-U01,S001,2026-07-17,6.7,72.0,85.6,2830.9
320-U01,S001,2026-07-18,8.0,87.1,84.9,2838.9
320-U01,S001,2026-07-19,6.9,74.8,86.0,2845.8
320-U01,S001,2026-07-20,5.0,54.3,86.2,2850.8
320-U01,S001,2026-07-21,7.1,77.2,85.9,2857.9
320-U01,S001,2026-07-22,5.7,62.8,86.0,2863.6
320-U01,S001,2026-07-23,9.1,100.6,87.1,2872.7
320-U01,S001,2026-07-24,8.7,97.3,86.6,2881.4
320-U01,S001,2026-07-25,8.7,98.5,86.8,2890.1
320-U01,S001,2026-07-26,8.2,93.3,87.3,2898.3
320-U01,S001,2026-07-27,5.8,65.5,87.5,2904.1
320-U01,S001,2026-07-28,8.6,98.5,88.3,2912.7
320-U01,S001,2026-07-29,5.7,65.3,88.9,2918.4
320-U01,S001,2026-07-30,8.7,100.7,89.0,2927.0
320-U01,S001,2026-07-31,6.8,78.2,89.4,2933.8
320-U01,S001,2026-08-01,8.6,100.2,89.6,2942.3
320-U01,S001,2026-08-02,7.2,84.5,90.4,2949.5
320-U01,S001,2026-08-03,6.4,74.9,91.2,2955.9
320-U01,S001,2026-08-04,7.4,87.8,91.2,2963.2
320-U01,S001,2026-08-05,8.5,100.1,91.5,2971.7
320-U01,S001,2026-08-06,6.4,76.8,91.8,2978.1
MD6250-U01,S001,2026-07-08,9.8,138.4,88.4,2346.2
MD6250-U01,S001,2026-07-09,10.0,141.6,88.2,2356.2
MD6250-U01,S001,2026-07-10,9.1,130.9,89.5,2365.4
MD6250-U01,S001,2026-07-11,10.4,149.2,90.2,2375.8
MD6250-U01,S001,2026-07-12,5.5,79.3,90.4,2381.2
MD6250-U01,S001,2026-07-13,8.0,116.5,90.7,2389.2
MD6250-U01,S001,2026-07-14,7.3,106.7,91.0,2396.5
MD6250-U01,S001,2026-07-15,8.8,129.8,90.5,2405.3
MD6250-U01,S001,2026-07-16,6.5,96.2,90.0,2411.8
MD6250-U01,S001,2026-07-17,6.7,101.0,90.8,2418.6
MD6250-U01,S001,2026-07-18,5.4,80.6,90.3,2423.9
MD6250-U01,S001,2026-07-19,6.3,94.8,90.8,2430.2
MD6250-U01,S001,2026-07-20,9.2,139.3,91.8,2439.4
MD6250-U01,S001,2026-07-21,11.6,177.8,91.0,2451.1
MD6250-U01,S001,2026-07-22,5.9,90.3,91.6,2457.0
MD6250-U01,S001,2026-07-23,9.5,145.6,92.4,2466.5
MD6250-U01,S001,2026-07-24,7.5,116.1,92.7,2474.0
MD6250-U01,S001,2026-07-25,8.5,132.4,93.6,2482.4
MD6250-U01,S001,2026-07-26,5.3,83.0,92.4,2487.8
MD6250-U01,S001,2026-07-27,6.7,106.1,93.5,2494.5
MD6250-U01,S001,2026-07-28,9.9,156.7,93.7,2504.3
MD6250-U01,S001,2026-07-29,10.3,165.1,94.4,2514.6
MD6250-U01,S001,2026-07-30,11.2,179.1,93.1,2525.8
MD6250-U01,S001,2026-07-31,7.3,117.2,94.0,2533.1
MD6250-U01,S001,2026-08-01,3.3,53.1,93.7,2536.4
MD6250-U01,S001,2026-08-02,7.9,128.8,95.5,2544.3
MD6250-U01,S001,2026-08-03,7.4,120.2,95.5,2551.7
MD6250-U01,S001,2026-08-04,6.6,108.5,95.4,2558.2
MD6250-U01,S001,2026-08-05,7.6,125.4,95.1,2565.8
MD6250-U01,S001,2026-08-06,4.5,74.6,94.8,2570.3
239D3-U02,S001,2026-07-08,8.7,101.8,83.0,1857.4
239D3-U02,S001,2026-07-09,6.0,70.1,83.0,1863.4
239D3-U02,S001,2026-07-10,6.1,72.1,83.9,1869.5
239D3-U02,S001,2026-07-11,8.5,100.0,83.9,1878.1
239D3-U02,S001,2026-07-12,8.1,94.4,84.3,1886.1
239D3-U02,S001,2026-07-13,4.7,55.8,84.3,1890.9
239D3-U02,S001,2026-07-14,9.2,107.8,83.9,1900.0
239D3-U02,S001,2026-07-15,8.5,99.6,83.4,1908.5
239D3-U02,S001,2026-07-16,8.3,97.9,83.8,1916.8
239D3-U02,S001,2026-07-17,8.6,101.9,83.3,1925.5
239D3-U02,S001,2026-07-18,5.9,69.6,83.9,1931.4
239D3-U02,S001,2026-07-19,9.3,109.5,84.3,1940.7
239D3-U02,S001,2026-07-20,8.3,97.5,83.8,1949.0
239D3-U02,S001,2026-07-21,10.3,121.2,83.8,1959.2
239D3-U02,S001,2026-07-22,5.2,60.8,84.6,1964.4
239D3-U02,S001,2026-07-23,6.8,80.3,84.7,1971.1
239D3-U02,S001,2026-07-24,7.6,90.7,84.3,1978.8
239D3-U02,S001,2026-07-25,5.0,58.9,84.6,1983.7
239D3-U02,S001,2026-07-26,10.8,129.3,84.7,1994.6
239D3-U02,S001,2026-07-27,7.8,93.1,84.0,2002.4
239D3-U02,S001,2026-07-28,6.5,78.2,84.2,2008.9
239D3-U02,S001,2026-07-29,7.9,94.3,83.9,2016.8
239D3-U02,S001,2026-07-30,9.4,112.3,84.5,2026.2
239D3-U02,S001,2026-07-31,5.0,60.6,85.0,2031.2
239D3-U02,S001,2026-08-01,7.2,86.1,84.1,2038.4
239D3-U02,S001,2026-08-02,7.7,91.9,85.0,2046.1
239D3-U02,S001,2026-08-03,8.5,101.4,84.7,2054.6
239D3-U02,S001,2026-08-04,5.0,60.0,84.4,2059.6
239D3-U02,S001,2026-08-05,5.7,69.1,84.7,2065.3
239D3-U02,S001,2026-08-06,8.9,106.8,84.5,2074.2
320-U02,S002,2026-07-08,7.0,97.2,88.0,1652.2
320-U02,S002,2026-07-09,3.6,49.6,87.6,1655.8
320-U02,S002,2026-07-10,8.2,113.7,87.1,1663.9
320-U02,S002,2026-07-11,7.7,107.3,87.1,1671.6
320-U02,S002,2026-07-12,5.6,78.8,87.1,1677.2
320-U02,S002,2026-07-13,9.5,132.9,87.3,1686.7
320-U02,S002,2026-07-14,7.1,100.1,88.0,1693.8
320-U02,S002,2026-07-15,6.5,90.5,88.1,1700.3
320-U02,S002,2026-07-16,7.9,111.1,87.3,1708.2
320-U02,S002,2026-07-17,7.0,97.9,87.8,1715.2
320-U02,S002,2026-07-18,6.8,95.9,88.3,1722.0
320-U02,S002,2026-07-19,7.0,98.5,88.4,1729.0
320-U02,S002,2026-07-20,7.2,102.0,87.7,1736.2
320-U02,S002,2026-07-21,9.3,131.9,87.7,1745.6
320-U02,S002,2026-07-22,6.2,88.2,87.4,1751.8
320-U02,S002,2026-07-23,7.0,98.9,88.2,1758.8
320-U02,S002,2026-07-24,7.0,98.7,87.9,1765.8
320-U02,S002,2026-07-25,8.6,121.4,88.3,1774.4
320-U02,S002,2026-07-26,5.7,81.3,88.3,1780.1
320-U02,S002,2026-07-27,5.8,82.5,87.7,1785.9
320-U02,S002,2026-07-28,7.8,111.2,88.6,1793.7
320-U02,S002,2026-07-29,7.9,111.6,88.0,1801.6
320-U02,S002,2026-07-30,6.8,97.4,88.6,1808.4
320-U02,S002,2026-07-31,8.1,116.6,87.7,1816.6
320-U02,S002,2026-08-01,5.3,75.0,88.3,1821.8
320-U02,S002,2026-08-02,7.2,103.5,88.1,1829.1
320-U02,S002,2026-08-03,8.7,124.2,88.5,1837.8
320-U02,S002,2026-08-04,6.3,90.5,88.4,1844.1
320-U02,S002,2026-08-05,7.5,107.5,89.0,1851.6
320-U02,S002,2026-08-06,8.8,126.2,88.9,1860.4
18-U01,S002,2026-07-08,6.4,84.0,87.7,5305.6
18-U01,S002,2026-07-09,8.0,104.8,87.9,5313.6
18-U01,S002,2026-07-10,6.8,90.1,87.9,5320.4
18-U01,S002,2026-07-11,5.9,78.1,89.2,5326.3
18-U01,S002,2026-07-12,7.9,104.7,88.5,5334.2
18-U01,S002,2026-07-13,7.6,102.3,89.3,5341.8
18-U01,S002,2026-07-14,7.3,98.3,88.2,5349.1
18-U01,S002,2026-07-15,8.5,116.3,90.3,5357.6
18-U01,S002,2026-07-16,7.4,102.1,89.3,5365.0
18-U01,S002,2026-07-17,8.4,114.7,90.1,5373.4
18-U01,S002,2026-07-18,8.2,113.1,90.6,5381.5
18-U01,S002,2026-07-19,6.8,94.1,89.9,5388.3
18-U01,S002,2026-07-20,6.6,93.0,90.2,5394.9
18-U01,S002,2026-07-21,7.2,101.6,90.5,5402.1
18-U01,S002,2026-07-22,9.1,129.2,91.9,5411.2
18-U01,S002,2026-07-23,8.7,124.3,91.3,5419.9
18-U01,S002,2026-07-24,7.8,112.0,90.9,5427.7
18-U01,S002,2026-07-25,7.2,104.0,91.1,5434.9
18-U01,S002,2026-07-26,7.3,105.1,92.2,5442.1
18-U01,S002,2026-07-27,7.8,114.1,93.0,5450.0
18-U01,S002,2026-07-28,6.5,95.5,92.4,5456.4
18-U01,S002,2026-07-29,7.0,102.8,93.7,5463.4
18-U01,S002,2026-07-30,7.4,109.4,93.5,5470.8
18-U01,S002,2026-07-31,8.7,130.0,92.8,5479.6
18-U01,S002,2026-08-01,8.4,125.1,94.0,5487.9
18-U01,S002,2026-08-02,7.9,119.9,93.6,5495.9
18-U01,S002,2026-08-03,5.1,78.0,93.6,5501.0
18-U01,S002,2026-08-04,10.3,157.5,94.1,5511.3
18-U01,S002,2026-08-05,6.1,93.2,93.8,5517.4
18-U01,S002,2026-08-06,7.1,109.6,95.1,5524.5
MD6200-U01,S002,2026-07-08,9.3,96.9,82.5,5880.0
MD6200-U01,S002,2026-07-09,7.4,78.9,82.9,5887.4
MD6200-U01,S002,2026-07-10,7.7,82.0,83.0,5895.1
MD6200-U01,S002,2026-07-11,9.5,101.5,84.2,5904.6
MD6200-U01,S002,2026-07-12,8.2,88.5,83.7,5912.8
MD6200-U01,S002,2026-07-13,6.1,66.4,83.4,5918.9
MD6200-U01,S002,2026-07-14,8.2,90.0,84.7,5927.1
MD6200-U01,S002,2026-07-15,8.7,95.7,85.6,5935.8
MD6200-U01,S002,2026-07-16,8.2,89.9,84.7,5943.9
MD6200-U01,S002,2026-07-17,7.7,86.1,85.4,5951.7
MD6200-U01,S002,2026-07-18,7.4,82.5,85.6,5959.1
MD6200-U01,S002,2026-07-19,6.3,70.6,86.0,5965.4
MD6200-U01,S002,2026-07-20,7.7,88.2,87.0,5973.1
MD6200-U01,S002,2026-07-21,9.0,102.6,87.1,5982.1
MD6200-U01,S002,2026-07-22,10.0,115.9,87.4,5992.1
MD6200-U01,S002,2026-07-23,7.3,84.1,87.3,5999.4
MD6200-U01,S002,2026-07-24,8.1,93.0,88.1,6007.5
MD6200-U01,S002,2026-07-25,8.4,97.9,87.6,6015.9
MD6200-U01,S002,2026-07-26,5.7,67.1,89.1,6021.6
MD6200-U01,S002,2026-07-27,7.8,92.6,87.9,6029.4
MD6200-U01,S002,2026-07-28,8.8,104.3,89.4,6038.3
MD6200-U01,S002,2026-07-29,9.0,108.2,89.8,6047.3
MD6200-U01,S002,2026-07-30,7.0,83.3,89.0,6054.2
MD6200-U01,S002,2026-07-31,7.4,88.8,89.4,6061.6
MD6200-U01,S002,2026-08-01,5.2,63.1,90.2,6066.8
MD6200-U01,S002,2026-08-02,5.7,69.2,90.1,6072.5
MD6200-U01,S002,2026-08-03,5.8,71.5,90.9,6078.3
MD6200-U01,S002,2026-08-04,8.3,101.6,90.3,6086.6
MD6200-U01,S002,2026-08-05,10.2,125.5,91.6,6096.8
MD6200-U01,S002,2026-08-06,6.1,76.5,92.4,6102.9
320-U03,S002,2026-07-08,8.1,75.9,83.9,6271.4
320-U03,S002,2026-07-09,8.1,75.5,83.4,6279.5
320-U03,S002,2026-07-10,9.3,87.8,83.6,6288.8
320-U03,S002,2026-07-11,6.9,64.2,83.8,6295.7
320-U03,S002,2026-07-12,3.1,28.5,83.4,6298.8
320-U03,S002,2026-07-13,8.1,76.1,84.1,6306.9
320-U03,S002,2026-07-14,9.8,92.2,84.4,6316.7
320-U03,S002,2026-07-15,8.7,81.9,84.1,6325.4
320-U03,S002,2026-07-16,4.0,38.0,83.9,6329.4
320-U03,S002,2026-07-17,7.3,69.0,84.3,6336.7
320-U03,S002,2026-07-18,8.1,76.4,83.8,6344.8
320-U03,S002,2026-07-19,9.2,87.2,83.7,6354.1
320-U03,S002,2026-07-20,7.1,67.0,84.2,6361.2
320-U03,S002,2026-07-21,6.2,58.5,84.1,6367.4
320-U03,S002,2026-07-22,7.5,71.3,84.1,6374.9
320-U03,S002,2026-07-23,8.5,81.2,84.0,6383.4
320-U03,S002,2026-07-24,9.5,89.7,84.8,6393.0
320-U03,S002,2026-07-25,7.0,66.1,84.6,6400.0
320-U03,S002,2026-07-26,6.7,63.7,84.5,6406.7
320-U03,S002,2026-07-27,6.8,65.0,84.5,6413.5
320-U03,S002,2026-07-28,5.9,56.4,84.3,6419.4
320-U03,S002,2026-07-29,6.1,58.4,84.8,6425.5
320-U03,S002,2026-07-30,7.0,66.4,84.1,6432.5
320-U03,S002,2026-07-31,8.1,77.1,84.5,6440.6
320-U03,S002,2026-08-01,10.3,98.3,85.2,6450.9
320-U03,S002,2026-08-02,7.6,73.2,84.8,6458.5
320-U03,S002,2026-08-03,7.7,73.5,85.0,6466.2
320-U03,S002,2026-08-04,7.9,76.3,84.6,6474.2
320-U03,S002,2026-08-05,8.1,77.8,85.0,6482.3
320-U03,S002,2026-08-06,7.3,70.0,84.5,6489.6
815-U01,S002,2026-07-08,5.0,69.1,86.2,2303.0
815-U01,S002,2026-07-09,6.6,92.5,85.6,2309.6
815-U01,S002,2026-07-10,7.4,104.5,87.8,2317.1
815-U01,S002,2026-07-11,6.8,98.1,87.0,2323.9
815-U01,S002,2026-07-12,6.0,87.1,88.1,2329.9
815-U01,S002,2026-07-13,8.3,122.0,90.0,2338.3
815-U01,S002,2026-07-14,7.3,110.5,89.4,2345.6
815-U01,S002,2026-07-15,7.1,108.9,91.7,2352.7
815-U01,S002,2026-07-16,9.6,147.3,90.2,2362.4
815-U01,S002,2026-07-17,8.0,124.8,91.2,2370.4
815-U01,S002,2026-07-18,10.5,165.0,94.0,2380.8
815-U01,S002,2026-07-19,8.2,131.2,94.1,2389.1
815-U01,S002,2026-07-20,7.2,117.9,95.5,2396.3
815-U01,S002,2026-07-21,8.1,133.0,96.1,2404.4
815-U01,S002,2026-07-22,8.6,141.9,95.4,2413.0
815-U01,S002,2026-07-23,8.3,139.1,96.2,2421.3
815-U01,S002,2026-07-24,7.6,129.4,96.4,2428.8
815-U01,S002,2026-07-25,8.3,143.7,97.7,2437.1
815-U01,S002,2026-07-26,7.6,133.7,97.7,2444.7
815-U01,S002,2026-07-27,8.9,157.7,98.9,2453.7
815-U01,S002,2026-07-28,8.0,144.0,99.1,2461.6
815-U01,S002,2026-07-29,7.9,143.8,101.9,2469.6
815-U01,S002,2026-07-30,7.8,142.3,102.3,2477.3
815-U01,S002,2026-07-31,6.0,110.4,102.2,2483.3
815-U01,S002,2026-08-01,6.7,125.0,103.5,2490.0
815-U01,S002,2026-08-02,9.0,169.9,103.5,2499.0
815-U01,S002,2026-08-03,7.0,135.5,104.5,2506.0
815-U01,S002,2026-08-04,7.5,144.6,105.7,2513.5
815-U01,S002,2026-08-05,7.0,135.9,106.3,2520.4
815-U01,S002,2026-08-06,7.0,139.1,106.0,2527.5
336-U01,S002,2026-07-08,5.5,58.5,83.3,5802.7
336-U01,S002,2026-07-09,5.9,63.9,84.4,5808.7
336-U01,S002,2026-07-10,5.8,63.2,84.3,5814.4
336-U01,S002,2026-07-11,6.4,70.9,85.6,5820.8
336-U01,S002,2026-07-12,5.6,62.7,84.7,5826.4
336-U01,S002,2026-07-13,5.1,58.7,87.1,5831.5
336-U01,S002,2026-07-14,9.4,108.8,87.3,5841.0
336-U01,S002,2026-07-15,10.6,124.8,88.7,5851.5
336-U01,S002,2026-07-16,8.8,105.3,89.5,5860.3
336-U01,S002,2026-07-17,7.8,94.7,90.6,5868.1
336-U01,S002,2026-07-18,5.8,70.4,90.6,5873.9
336-U01,S002,2026-07-19,6.1,74.5,91.9,5880.0
336-U01,S002,2026-07-20,7.4,93.4,92.0,5887.4
336-U01,S002,2026-07-21,10.0,128.7,93.8,5897.4
336-U01,S002,2026-07-22,9.2,119.5,93.3,5906.6
336-U01,S002,2026-07-23,7.1,92.1,94.1,5913.7
336-U01,S002,2026-07-24,7.9,104.4,96.2,5921.6
336-U01,S002,2026-07-25,7.6,101.9,97.4,5929.1
336-U01,S002,2026-07-26,5.1,68.1,96.6,5934.2
336-U01,S002,2026-07-27,4.5,62.5,99.0,5938.7
336-U01,S002,2026-07-28,4.8,66.4,98.4,5943.5
336-U01,S002,2026-07-29,6.8,95.6,100.1,5950.3
336-U01,S002,2026-07-30,9.9,139.4,100.1,5960.1
336-U01,S002,2026-07-31,8.3,119.1,100.7,5968.4
336-U01,S002,2026-08-01,8.7,126.0,103.1,5977.1
336-U01,S002,2026-08-02,6.9,102.1,102.5,5984.1
336-U01,S002,2026-08-03,8.4,124.6,103.5,5992.5
336-U01,S002,2026-08-04,7.1,106.4,104.7,5999.6
336-U01,S002,2026-08-05,6.6,100.1,106.9,6006.1
336-U01,S002,2026-08-06,10.8,165.9,107.4,6016.9
336-U02,S006,2026-07-08,5.7,62.6,85.2,2062.4
336-U02,S006,2026-07-09,6.6,72.0,84.3,2068.9
336-U02,S006,2026-07-10,6.9,76.2,84.6,2075.8
336-U02,S006,2026-07-11,7.0,77.7,84.6,2082.8
336-U02,S006,2026-07-12,9.5,105.3,85.0,2092.4
336-U02,S006,2026-07-13,7.3,80.6,85.5,2099.6
336-U02,S006,2026-07-14,6.4,71.3,85.4,2106.1
336-U02,S006,2026-07-15,7.9,86.9,84.9,2113.9
336-U02,S006,2026-07-16,6.5,72.1,85.4,2120.4
336-U02,S006,2026-07-17,6.3,70.0,84.8,2126.7
336-U02,S006,2026-07-18,8.8,96.9,84.8,2135.5
336-U02,S006,2026-07-19,8.8,97.8,85.6,2144.3
336-U02,S006,2026-07-20,7.7,86.1,85.2,2152.0
336-U02,S006,2026-07-21,8.4,93.6,85.8,2160.4
336-U02,S006,2026-07-22,8.7,96.7,85.5,2169.1
336-U02,S006,2026-07-23,6.9,77.5,85.6,2176.0
336-U02,S006,2026-07-24,7.1,79.7,86.0,2183.1
336-U02,S006,2026-07-25,7.1,78.9,86.0,2190.2
336-U02,S006,2026-07-26,7.4,82.4,86.1,2197.5
336-U02,S006,2026-07-27,9.1,102.0,86.1,2206.6
336-U02,S006,2026-07-28,10.0,112.8,85.3,2216.6
336-U02,S006,2026-07-29,6.9,77.6,85.2,2223.5
336-U02,S006,2026-07-30,4.9,54.8,85.9,2228.4
336-U02,S006,2026-07-31,6.4,71.2,85.9,2234.8
336-U02,S006,2026-08-01,11.8,133.6,85.9,2246.6
336-U02,S006,2026-08-02,8.6,96.7,86.3,2255.1
336-U02,S006,2026-08-03,7.9,89.7,85.5,2263.0
336-U02,S006,2026-08-04,7.9,89.5,86.3,2270.9
336-U02,S006,2026-08-05,8.3,94.6,85.7,2279.3
336-U02,S006,2026-08-06,8.8,100.1,86.1,2288.0
D3-U02,S006,2026-07-08,7.7,99.1,83.4,4092.6
D3-U02,S006,2026-07-09,8.5,109.8,83.7,4101.1
D3-U02,S006,2026-07-10,8.3,106.5,83.3,4109.4
D3-U02,S006,2026-07-11,7.9,101.3,83.7,4117.2
D3-U02,S006,2026-07-12,6.1,78.3,83.7,4123.3
D3-U02,S006,2026-07-13,8.8,113.2,83.4,4132.1
D3-U02,S006,2026-07-14,6.6,84.5,84.2,4138.6
D3-U02,S006,2026-07-15,8.2,106.4,83.8,4146.9
D3-U02,S006,2026-07-16,8.7,111.6,83.7,4155.5
D3-U02,S006,2026-07-17,8.6,110.5,84.1,4164.1
D3-U02,S006,2026-07-18,6.3,81.6,83.8,4170.4
D3-U02,S006,2026-07-19,5.8,75.7,84.4,4176.2
D3-U02,S006,2026-07-20,6.3,82.6,83.7,4182.6
D3-U02,S006,2026-07-21,8.1,104.5,84.1,4190.6
D3-U02,S006,2026-07-22,9.5,123.3,84.5,4200.1
D3-U02,S006,2026-07-23,8.1,105.9,84.1,4208.2
D3-U02,S006,2026-07-24,4.1,53.1,84.1,4212.3
D3-U02,S006,2026-07-25,5.1,67.1,84.2,4217.4
D3-U02,S006,2026-07-26,6.1,79.3,84.1,4223.5
D3-U02,S006,2026-07-27,5.6,73.4,84.6,4229.1
D3-U02,S006,2026-07-28,9.8,127.4,84.3,4238.9
D3-U02,S006,2026-07-29,4.7,61.5,83.9,4243.6
D3-U02,S006,2026-07-30,8.6,112.8,84.3,4252.2
D3-U02,S006,2026-07-31,8.9,117.1,84.7,4261.1
D3-U02,S006,2026-08-01,7.8,103.6,84.4,4269.0
D3-U02,S006,2026-08-02,10.0,132.6,84.6,4279.0
D3-U02,S006,2026-08-03,7.9,103.5,84.4,4286.9
D3-U02,S006,2026-08-04,8.7,114.0,84.5,4295.6
D3-U02,S006,2026-08-05,9.4,123.2,84.3,4304.9
D3-U02,S006,2026-08-06,7.5,99.6,84.7,4312.4
216B3-U02,S006,2026-07-08,7.3,116.6,86.6,4179.6
216B3-U02,S006,2026-07-09,6.4,101.6,86.4,4186.0
216B3-U02,S006,2026-07-10,8.9,140.7,86.5,4194.9
216B3-U02,S006,2026-07-11,8.3,132.0,86.2,4203.2
216B3-U02,S006,2026-07-12,7.0,110.6,86.0,4210.2
216B3-U02,S006,2026-07-13,8.0,127.6,86.2,4218.2
216B3-U02,S006,2026-07-14,7.2,115.1,85.8,4225.4
216B3-U02,S006,2026-07-15,6.0,95.7,86.7,4231.4
216B3-U02,S006,2026-07-16,7.8,124.2,86.2,4239.2
216B3-U02,S006,2026-07-17,7.8,124.6,86.6,4247.0
216B3-U02,S006,2026-07-18,6.6,106.3,86.7,4253.6
216B3-U02,S006,2026-07-19,7.6,121.6,85.9,4261.2
216B3-U02,S006,2026-07-20,7.1,114.2,86.8,4268.3
216B3-U02,S006,2026-07-21,8.1,129.6,87.1,4276.4
216B3-U02,S006,2026-07-22,7.4,118.1,86.2,4283.8
216B3-U02,S006,2026-07-23,7.9,127.7,86.2,4291.7
216B3-U02,S006,2026-07-24,5.2,83.5,86.5,4296.9
216B3-U02,S006,2026-07-25,7.2,115.8,86.1,4304.0
216B3-U02,S006,2026-07-26,6.8,110.1,86.3,4310.9
216B3-U02,S006,2026-07-27,7.8,125.5,86.8,4318.7
216B3-U02,S006,2026-07-28,5.7,91.9,86.8,4324.3
216B3-U02,S006,2026-07-29,7.3,118.8,86.5,4331.7
216B3-U02,S006,2026-07-30,8.9,144.3,86.5,4340.6
216B3-U02,S006,2026-07-31,5.7,92.6,86.5,4346.3
216B3-U02,S006,2026-08-01,8.2,132.9,87.2,4354.4
216B3-U02,S006,2026-08-02,6.8,110.8,86.5,4361.3
216B3-U02,S006,2026-08-03,8.5,138.6,87.2,4369.8
216B3-U02,S006,2026-08-04,6.1,98.9,87.1,4375.8
216B3-U02,S006,2026-08-05,10.0,163.1,87.6,4385.9
216B3-U02,S006,2026-08-06,8.5,139.1,87.7,4394.4
MD6250-U02,S006,2026-07-08,10.0,138.6,85.6,2669.9
MD6250-U02,S006,2026-07-09,10.5,147.1,85.3,2680.5
MD6250-U02,S006,2026-07-10,9.0,126.6,85.6,2689.5
MD6250-U02,S006,2026-07-11,7.9,110.6,86.3,2697.4
MD6250-U02,S006,2026-07-12,5.2,73.8,85.8,2702.7
MD6250-U02,S006,2026-07-13,9.0,126.6,85.9,2711.7
MD6250-U02,S006,2026-07-14,9.5,133.3,85.4,2721.1
MD6250-U02,S006,2026-07-15,9.3,130.8,85.4,2730.5
MD6250-U02,S006,2026-07-16,7.3,102.7,85.7,2737.7
MD6250-U02,S006,2026-07-17,3.8,54.2,85.6,2741.6
MD6250-U02,S006,2026-07-18,6.2,87.3,85.4,2747.8
MD6250-U02,S006,2026-07-19,8.5,119.7,85.4,2756.2
MD6250-U02,S006,2026-07-20,7.3,103.7,85.9,2763.5
MD6250-U02,S006,2026-07-21,6.2,88.2,86.6,2769.8
MD6250-U02,S006,2026-07-22,7.6,107.0,85.9,2777.3
MD6250-U02,S006,2026-07-23,6.7,94.4,85.6,2784.0
MD6250-U02,S006,2026-07-24,8.3,117.9,86.0,2792.3
MD6250-U02,S006,2026-07-25,7.7,108.9,86.0,2800.0
MD6250-U02,S006,2026-07-26,7.3,103.7,86.2,2807.3
MD6250-U02,S006,2026-07-27,7.9,113.0,85.9,2815.2
MD6250-U02,S006,2026-07-28,6.5,92.9,86.5,2821.7
MD6250-U02,S006,2026-07-29,7.0,99.6,86.1,2828.7
MD6250-U02,S006,2026-07-30,9.1,129.4,86.4,2837.8
MD6250-U02,S006,2026-07-31,7.4,105.7,86.1,2845.2
MD6250-U02,S006,2026-08-01,6.8,97.4,86.1,2852.0
MD6250-U02,S006,2026-08-02,6.2,88.8,86.4,2858.2
MD6250-U02,S006,2026-08-03,7.5,108.1,86.8,2865.7
MD6250-U02,S006,2026-08-04,9.2,131.2,87.2,2874.9
MD6250-U02,S006,2026-08-05,8.7,124.6,86.9,2883.6
MD6250-U02,S006,2026-08-06,8.2,118.8,86.6,2891.8
MD6250-U03,S006,2026-07-08,7.8,118.3,87.8,5977.0
MD6250-U03,S006,2026-07-09,9.0,138.3,88.5,5986.0
MD6250-U03,S006,2026-07-10,6.0,91.3,88.2,5992.0
MD6250-U03,S006,2026-07-11,7.3,113.0,88.2,5999.3
MD6250-U03,S006,2026-07-12,8.6,132.2,88.2,6007.9
MD6250-U03,S006,2026-07-13,6.6,100.9,88.4,6014.5
MD6250-U03,S006,2026-07-14,6.4,99.1,87.9,6020.9
MD6250-U03,S006,2026-07-15,7.7,118.6,88.2,6028.6
MD6250-U03,S006,2026-07-16,7.2,111.5,87.7,6035.9
MD6250-U03,S006,2026-07-17,8.2,126.8,88.4,6044.1
MD6250-U03,S006,2026-07-18,7.3,112.8,88.4,6051.4
MD6250-U03,S006,2026-07-19,6.2,95.8,88.2,6057.6
MD6250-U03,S006,2026-07-20,7.7,119.7,88.6,6065.3
MD6250-U03,S006,2026-07-21,8.6,134.2,88.9,6074.0
MD6250-U03,S006,2026-07-22,10.3,158.8,87.8,6084.2
MD6250-U03,S006,2026-07-23,7.3,113.8,88.3,6091.5
MD6250-U03,S006,2026-07-24,7.6,118.4,88.5,6099.1
MD6250-U03,S006,2026-07-25,8.7,135.5,88.7,6107.8
MD6250-U03,S006,2026-07-26,8.7,135.4,88.1,6116.5
MD6250-U03,S006,2026-07-27,6.8,106.4,88.8,6123.4
MD6250-U03,S006,2026-07-28,9.1,141.3,88.1,6132.4
MD6250-U03,S006,2026-07-29,6.3,97.8,88.6,6138.7
MD6250-U03,S006,2026-07-30,6.7,105.8,89.1,6145.4
MD6250-U03,S006,2026-07-31,8.5,132.2,88.2,6153.9
MD6250-U03,S006,2026-08-01,8.4,131.7,88.3,6162.3
MD6250-U03,S006,2026-08-02,9.2,144.5,88.3,6171.5
MD6250-U03,S006,2026-08-03,9.1,142.4,88.8,6180.6
MD6250-U03,S006,2026-08-04,8.1,127.1,89.1,6188.6
MD6250-U03,S006,2026-08-05,5.5,86.4,88.6,6194.1
MD6250-U03,S006,2026-08-06,6.1,96.8,88.9,6200.3
815-U02,S006,2026-07-08,6.9,100.8,87.6,3291.5
815-U02,S006,2026-07-09,8.5,124.4,87.7,3300.0
815-U02,S006,2026-07-10,8.2,120.2,88.5,3308.2
815-U02,S006,2026-07-11,8.6,125.9,87.4,3316.8
815-U02,S006,2026-07-12,6.1,90.1,87.8,3322.9
815-U02,S006,2026-07-13,6.7,98.7,88.1,3329.7
815-U02,S006,2026-07-14,7.1,104.9,88.2,3336.8
815-U02,S006,2026-07-15,7.9,116.2,87.6,3344.7
815-U02,S006,2026-07-16,6.8,99.7,88.7,3351.5
815-U02,S006,2026-07-17,7.1,104.9,88.4,3358.6
815-U02,S006,2026-07-18,7.6,111.9,88.1,3366.1
815-U02,S006,2026-07-19,3.7,54.5,88.8,3369.8
815-U02,S006,2026-07-20,5.9,87.2,88.7,3375.7
815-U02,S006,2026-07-21,4.5,67.0,88.0,3380.3
815-U02,S006,2026-07-22,6.1,89.5,88.7,3386.3
815-U02,S006,2026-07-23,8.3,122.7,88.0,3394.6
815-U02,S006,2026-07-24,4.5,66.9,88.6,3399.1
815-U02,S006,2026-07-25,7.2,107.0,87.9,3406.3
815-U02,S006,2026-07-26,9.1,134.8,89.1,3415.4
815-U02,S006,2026-07-27,7.7,115.0,89.1,3423.1
815-U02,S006,2026-07-28,8.0,118.9,88.7,3431.1
815-U02,S006,2026-07-29,8.1,120.2,88.6,3439.1
815-U02,S006,2026-07-30,6.7,100.3,89.2,3445.9
815-U02,S006,2026-07-31,6.3,94.4,89.0,3452.2
815-U02,S006,2026-08-01,8.4,124.8,89.2,3460.5
815-U02,S006,2026-08-02,7.6,113.2,89.3,3468.1
815-U02,S006,2026-08-03,9.3,138.9,88.7,3477.4
815-U02,S006,2026-08-04,7.3,109.2,88.7,3484.6
815-U02,S006,2026-08-05,7.3,109.4,89.0,3491.9
815-U02,S006,2026-08-06,8.0,119.5,88.7,3499.9
815-U03,S003,2026-07-08,8.1,87.7,89.9,3698.7
815-U03,S003,2026-07-09,7.0,75.4,89.9,3705.7
815-U03,S003,2026-07-10,6.9,74.3,89.7,3712.6
815-U03,S003,2026-07-11,9.8,105.6,90.1,3722.4
815-U03,S003,2026-07-12,6.1,65.8,89.6,3728.5
815-U03,S003,2026-07-13,9.4,102.2,90.0,3737.9
815-U03,S003,2026-07-14,9.3,101.3,90.2,3747.3
815-U03,S003,2026-07-15,6.2,67.8,89.7,3753.5
815-U03,S003,2026-07-16,7.2,78.8,89.2,3760.7
815-U03,S003,2026-07-17,9.3,101.0,89.3,3770.0
815-U03,S003,2026-07-18,7.9,85.8,90.2,3777.9
815-U03,S003,2026-07-19,6.7,72.9,89.8,3784.6
815-U03,S003,2026-07-20,6.9,75.4,90.4,3791.5
815-U03,S003,2026-07-21,10.7,116.1,89.4,3802.2
815-U03,S003,2026-07-22,8.6,94.0,89.5,3810.7
815-U03,S003,2026-07-23,7.2,79.5,90.5,3818.0
815-U03,S003,2026-07-24,7.8,84.7,90.3,3825.8
815-U03,S003,2026-07-25,6.2,67.5,90.4,3831.9
815-U03,S003,2026-07-26,5.5,59.7,89.7,3837.4
815-U03,S003,2026-07-27,5.6,61.4,90.3,3843.0
815-U03,S003,2026-07-28,8.6,95.2,90.2,3851.7
815-U03,S003,2026-07-29,8.7,95.0,89.8,3860.3
815-U03,S003,2026-07-30,7.4,82.1,90.8,3867.8
815-U03,S003,2026-07-31,4.8,52.5,90.7,3872.5
815-U03,S003,2026-08-01,7.1,78.7,90.2,3879.7
815-U03,S003,2026-08-02,7.3,80.8,90.2,3887.0
815-U03,S003,2026-08-03,9.3,102.1,90.8,3896.2
815-U03,S003,2026-08-04,7.8,86.2,90.7,3904.0
815-U03,S003,2026-08-05,9.7,107.9,90.2,3913.7
815-U03,S003,2026-08-06,6.9,76.0,89.9,3920.6
330-UHD-U01,S003,2026-07-08,7.3,92.0,83.5,1903.8
330-UHD-U01,S003,2026-07-09,10.7,135.9,82.7,1914.5
330-UHD-U01,S003,2026-07-10,9.3,118.8,83.1,1923.8
330-UHD-U01,S003,2026-07-11,8.0,102.6,83.4,1931.9
330-UHD-U01,S003,2026-07-12,6.0,76.0,83.4,1937.9
330-UHD-U01,S003,2026-07-13,6.5,82.6,83.4,1944.3
330-UHD-U01,S003,2026-07-14,8.4,106.1,83.2,1952.7
330-UHD-U01,S003,2026-07-15,8.0,101.1,83.1,1960.7
330-UHD-U01,S003,2026-07-16,6.7,85.3,83.2,1967.4
330-UHD-U01,S003,2026-07-17,5.2,66.6,84.2,1972.6
330-UHD-U01,S003,2026-07-18,4.7,60.1,83.5,1977.3
330-UHD-U01,S003,2026-07-19,6.0,77.4,83.4,1983.3
330-UHD-U01,S003,2026-07-20,6.2,79.7,83.6,1989.5
330-UHD-U01,S003,2026-07-21,6.0,77.2,83.4,1995.5
330-UHD-U01,S003,2026-07-22,7.1,91.3,83.3,2002.6
330-UHD-U01,S003,2026-07-23,7.3,93.5,83.4,2009.9
330-UHD-U01,S003,2026-07-24,10.3,133.0,84.5,2020.2
330-UHD-U01,S003,2026-07-25,6.1,78.5,84.3,2026.3
330-UHD-U01,S003,2026-07-26,7.4,94.9,84.1,2033.6
330-UHD-U01,S003,2026-07-27,7.7,99.6,83.6,2041.4
330-UHD-U01,S003,2026-07-28,7.4,95.5,83.5,2048.8
330-UHD-U01,S003,2026-07-29,6.5,84.0,84.4,2055.3
330-UHD-U01,S003,2026-07-30,5.8,75.7,84.0,2061.1
330-UHD-U01,S003,2026-07-31,9.8,126.1,84.2,2070.9
330-UHD-U01,S003,2026-08-01,7.2,93.5,84.6,2078.0
330-UHD-U01,S003,2026-08-02,7.5,97.2,84.3,2085.5
330-UHD-U01,S003,2026-08-03,7.6,98.6,83.8,2093.1
330-UHD-U01,S003,2026-08-04,6.7,87.8,83.9,2099.8
330-UHD-U01,S003,2026-08-05,7.3,94.6,84.5,2107.1
330-UHD-U01,S003,2026-08-06,6.9,89.7,84.4,2114.0
MD6250-U04,S003,2026-07-08,9.5,130.3,86.7,6495.2
MD6250-U04,S003,2026-07-09,10.5,144.6,86.2,6505.8
MD6250-U04,S003,2026-07-10,7.6,105.3,87.7,6513.4
MD6250-U04,S003,2026-07-11,6.0,84.1,86.7,6519.4
MD6250-U04,S003,2026-07-12,8.2,114.7,88.2,6527.6
MD6250-U04,S003,2026-07-13,5.9,83.6,88.3,6533.5
MD6250-U04,S003,2026-07-14,5.4,76.1,88.0,6538.9
MD6250-U04,S003,2026-07-15,7.6,110.0,88.5,6546.5
MD6250-U04,S003,2026-07-16,7.5,107.9,88.3,6554.0
MD6250-U04,S003,2026-07-17,9.1,131.7,89.9,6563.1
MD6250-U04,S003,2026-07-18,4.9,71.8,89.5,6568.0
MD6250-U04,S003,2026-07-19,8.1,118.2,88.8,6576.1
MD6250-U04,S003,2026-07-20,7.0,102.7,89.0,6583.1
MD6250-U04,S003,2026-07-21,8.3,123.5,90.2,6591.4
MD6250-U04,S003,2026-07-22,6.6,98.4,91.1,6598.0
MD6250-U04,S003,2026-07-23,6.8,101.6,90.8,6604.7
MD6250-U04,S003,2026-07-24,8.8,133.8,91.5,6613.5
MD6250-U04,S003,2026-07-25,7.9,118.6,91.3,6621.4
MD6250-U04,S003,2026-07-26,9.2,139.3,91.3,6630.6
MD6250-U04,S003,2026-07-27,6.6,101.5,92.1,6637.2
MD6250-U04,S003,2026-07-28,7.0,108.5,91.7,6644.2
MD6250-U04,S003,2026-07-29,5.3,82.9,91.4,6649.5
MD6250-U04,S003,2026-07-30,8.2,127.1,92.0,6657.7
MD6250-U04,S003,2026-07-31,8.4,131.1,92.2,6666.1
MD6250-U04,S003,2026-08-01,7.0,110.1,92.8,6673.1
MD6250-U04,S003,2026-08-02,6.8,108.2,94.0,6679.9
MD6250-U04,S003,2026-08-03,7.9,127.0,94.1,6687.8
MD6250-U04,S003,2026-08-04,7.6,122.8,93.9,6695.4
MD6250-U04,S003,2026-08-05,9.0,145.1,93.7,6704.5
MD6250-U04,S003,2026-08-06,7.1,114.5,94.0,6711.5
239D3-U03,S003,2026-07-08,9.9,112.0,86.1,2419.8
239D3-U03,S003,2026-07-09,6.0,68.2,86.6,2425.9
239D3-U03,S003,2026-07-10,9.2,104.8,86.2,2435.1
239D3-U03,S003,2026-07-11,7.5,85.0,86.6,2442.7
239D3-U03,S003,2026-07-12,9.1,103.1,86.8,2451.7
239D3-U03,S003,2026-07-13,7.3,82.7,87.0,2459.0
239D3-U03,S003,2026-07-14,6.7,76.4,86.5,2465.8
239D3-U03,S003,2026-07-15,6.5,73.9,87.1,2472.3
239D3-U03,S003,2026-07-16,5.6,63.9,86.5,2477.9
239D3-U03,S003,2026-07-17,10.7,121.9,87.2,2488.6
239D3-U03,S003,2026-07-18,5.5,62.2,86.1,2494.1
239D3-U03,S003,2026-07-19,10.8,123.1,86.2,2504.9
239D3-U03,S003,2026-07-20,7.8,88.6,87.1,2512.7
239D3-U03,S003,2026-07-21,9.9,112.8,86.3,2522.7
239D3-U03,S003,2026-07-22,6.8,77.7,87.4,2529.4
239D3-U03,S003,2026-07-23,4.7,53.8,87.3,2534.1
239D3-U03,S003,2026-07-24,9.1,104.2,87.5,2543.3
239D3-U03,S003,2026-07-25,6.0,68.0,86.4,2549.2
239D3-U03,S003,2026-07-26,6.6,75.7,86.8,2555.8
239D3-U03,S003,2026-07-27,8.6,99.1,86.8,2564.4
239D3-U03,S003,2026-07-28,6.3,72.7,86.7,2570.8
239D3-U03,S003,2026-07-29,7.8,90.3,87.5,2578.6
239D3-U03,S003,2026-07-30,6.1,69.7,87.6,2584.7
239D3-U03,S003,2026-07-31,7.0,81.3,87.7,2591.7
239D3-U03,S003,2026-08-01,6.8,78.3,86.8,2598.5
239D3-U03,S003,2026-08-02,7.3,84.0,87.1,2605.8
239D3-U03,S003,2026-08-03,6.1,70.9,87.4,2611.9
239D3-U03,S003,2026-08-04,9.4,108.5,87.0,2621.3
239D3-U03,S003,2026-08-05,7.5,86.2,88.0,2628.8
239D3-U03,S003,2026-08-06,7.6,88.6,87.1,2636.4
D3-U03,S003,2026-07-08,8.4,108.7,84.4,3548.4
D3-U03,S003,2026-07-09,7.4,94.5,84.6,3555.8
D3-U03,S003,2026-07-10,6.4,83.2,83.8,3562.2
D3-U03,S003,2026-07-11,7.4,95.3,84.2,3569.6
D3-U03,S003,2026-07-12,6.5,83.9,84.7,3576.1
D3-U03,S003,2026-07-13,7.8,100.7,84.3,3583.9
D3-U03,S003,2026-07-14,8.5,109.4,84.5,3592.4
D3-U03,S003,2026-07-15,5.4,69.3,84.4,3597.8
D3-U03,S003,2026-07-16,6.1,79.3,84.2,3603.9
D3-U03,S003,2026-07-17,6.8,88.0,84.0,3610.7
D3-U03,S003,2026-07-18,8.8,113.9,84.1,3619.5
D3-U03,S003,2026-07-19,6.5,84.3,84.2,3625.9
D3-U03,S003,2026-07-20,6.8,88.0,84.6,3632.7
D3-U03,S003,2026-07-21,9.6,125.1,84.5,3642.3
D3-U03,S003,2026-07-22,7.8,101.1,84.0,3650.1
D3-U03,S003,2026-07-23,8.7,113.6,85.0,3658.9
D3-U03,S003,2026-07-24,7.3,94.3,85.1,3666.1
D3-U03,S003,2026-07-25,9.1,119.4,84.7,3675.2
D3-U03,S003,2026-07-26,5.8,75.3,84.8,3681.0
D3-U03,S003,2026-07-27,6.7,87.3,85.1,3687.7
D3-U03,S003,2026-07-28,8.2,107.3,85.3,3695.9
D3-U03,S003,2026-07-29,6.7,87.0,84.4,3702.5
D3-U03,S003,2026-07-30,7.4,97.3,85.4,3710.0
D3-U03,S003,2026-07-31,6.2,81.6,85.3,3716.1
D3-U03,S003,2026-08-01,7.7,101.2,85.1,3723.9
D3-U03,S003,2026-08-02,5.2,68.2,85.2,3729.0
D3-U03,S003,2026-08-03,5.7,75.7,84.8,3734.8
D3-U03,S003,2026-08-04,6.9,90.9,85.6,3741.7
D3-U03,S003,2026-08-05,6.7,89.5,84.9,3748.4
D3-U03,S003,2026-08-06,6.3,83.1,84.6,3754.7
216B3-U03,S003,2026-07-08,7.5,110.3,84.3,4489.9
216B3-U03,S003,2026-07-09,6.6,97.2,84.0,4496.5
216B3-U03,S003,2026-07-10,7.6,111.4,84.3,4504.1
216B3-U03,S003,2026-07-11,6.6,97.2,83.8,4510.7
216B3-U03,S003,2026-07-12,7.2,106.1,83.9,4517.9
216B3-U03,S003,2026-07-13,8.3,121.3,84.7,4526.2
216B3-U03,S003,2026-07-14,8.7,127.3,84.9,4534.9
216B3-U03,S003,2026-07-15,4.9,71.6,84.1,4539.7
216B3-U03,S003,2026-07-16,5.4,79.9,84.0,4545.1
216B3-U03,S003,2026-07-17,7.9,115.9,84.1,4553.0
216B3-U03,S003,2026-07-18,7.5,110.9,84.5,4560.5
216B3-U03,S003,2026-07-19,6.9,102.3,84.7,4567.5
216B3-U03,S003,2026-07-20,7.2,106.7,84.3,4574.7
216B3-U03,S003,2026-07-21,8.3,121.9,85.3,4582.9
216B3-U03,S003,2026-07-22,7.5,111.6,84.6,4590.4
216B3-U03,S003,2026-07-23,8.2,121.6,85.1,4598.7
216B3-U03,S003,2026-07-24,8.8,130.9,84.7,4607.4
216B3-U03,S003,2026-07-25,6.4,95.8,85.2,4613.9
216B3-U03,S003,2026-07-26,7.0,103.5,85.1,4620.8
216B3-U03,S003,2026-07-27,9.6,142.5,85.0,4630.4
216B3-U03,S003,2026-07-28,5.1,76.8,85.2,4635.5
216B3-U03,S003,2026-07-29,8.9,133.1,85.0,4644.4
216B3-U03,S003,2026-07-30,6.3,93.6,85.0,4650.7
216B3-U03,S003,2026-07-31,5.3,79.6,84.6,4656.0
216B3-U03,S003,2026-08-01,6.8,101.9,85.5,4662.7
216B3-U03,S003,2026-08-02,6.0,89.5,85.0,4668.7
216B3-U03,S003,2026-08-03,6.0,89.9,85.7,4674.7
216B3-U03,S003,2026-08-04,7.0,104.6,85.5,4681.7
216B3-U03,S003,2026-08-05,7.1,106.6,85.9,4688.8
216B3-U03,S003,2026-08-06,4.8,72.4,85.5,4693.6
330-UHD-U02,S004,2026-07-08,8.9,85.4,81.9,5284.6
330-UHD-U02,S004,2026-07-09,7.2,69.9,83.0,5291.8
330-UHD-U02,S004,2026-07-10,8.1,81.2,84.5,5299.9
330-UHD-U02,S004,2026-07-11,5.2,52.8,85.2,5305.1
330-UHD-U02,S004,2026-07-12,7.2,73.7,85.1,5312.4
330-UHD-U02,S004,2026-07-13,5.6,58.2,87.1,5318.0
330-UHD-U02,S004,2026-07-14,7.2,75.4,87.1,5325.2
330-UHD-U02,S004,2026-07-15,6.5,70.6,87.5,5331.7
330-UHD-U02,S004,2026-07-16,6.4,68.7,89.6,5338.1
330-UHD-U02,S004,2026-07-17,6.5,72.3,91.1,5344.6
330-UHD-U02,S004,2026-07-18,6.6,73.9,90.0,5351.2
330-UHD-U02,S004,2026-07-19,7.5,86.0,92.7,5358.7
330-UHD-U02,S004,2026-07-20,7.3,84.0,92.4,5366.0
330-UHD-U02,S004,2026-07-21,8.2,94.7,93.0,5374.3
330-UHD-U02,S004,2026-07-22,7.5,88.6,93.7,5381.7
330-UHD-U02,S004,2026-07-23,8.6,103.3,94.8,5390.3
330-UHD-U02,S004,2026-07-24,8.1,97.1,97.2,5398.4
330-UHD-U02,S004,2026-07-25,7.4,90.5,97.3,5405.9
330-UHD-U02,S004,2026-07-26,8.1,100.1,97.0,5414.0
330-UHD-U02,S004,2026-07-27,11.0,137.5,98.9,5425.1
330-UHD-U02,S004,2026-07-28,8.1,102.9,98.5,5433.2
330-UHD-U02,S004,2026-07-29,3.3,42.6,99.5,5436.5
330-UHD-U02,S004,2026-07-30,3.9,50.2,100.1,5440.4
330-UHD-U02,S004,2026-07-31,7.1,93.4,101.0,5447.5
330-UHD-U02,S004,2026-08-01,8.0,106.9,102.9,5455.5
330-UHD-U02,S004,2026-08-02,6.9,92.8,103.5,5462.4
330-UHD-U02,S004,2026-08-03,6.9,94.6,105.2,5469.4
330-UHD-U02,S004,2026-08-04,8.9,121.9,104.1,5478.3
330-UHD-U02,S004,2026-08-05,8.8,121.9,106.5,5487.0
330-UHD-U02,S004,2026-08-06,6.9,95.9,107.2,5493.9
D11-U01,S004,2026-07-08,9.0,94.2,87.8,1580.2
D11-U01,S004,2026-07-09,7.0,74.2,87.0,1587.2
D11-U01,S004,2026-07-10,9.8,103.9,87.0,1597.0
D11-U01,S004,2026-07-11,7.3,77.3,88.2,1604.3
D11-U01,S004,2026-07-12,8.2,86.8,87.8,1612.5
D11-U01,S004,2026-07-13,9.4,98.8,88.1,1621.9
D11-U01,S004,2026-07-14,7.2,76.5,88.2,1629.1
D11-U01,S004,2026-07-15,6.4,68.2,87.8,1635.6
D11-U01,S004,2026-07-16,6.5,69.4,88.4,1642.1
D11-U01,S004,2026-07-17,5.5,59.0,87.7,1647.6
D11-U01,S004,2026-07-18,5.8,61.7,87.7,1653.4
D11-U01,S004,2026-07-19,6.4,68.4,87.7,1659.8
D11-U01,S004,2026-07-20,7.7,82.2,88.4,1667.5
D11-U01,S004,2026-07-21,7.2,77.6,87.9,1674.7
D11-U01,S004,2026-07-22,6.6,70.5,88.1,1681.3
D11-U01,S004,2026-07-23,6.9,73.4,87.9,1688.2
D11-U01,S004,2026-07-24,6.6,70.6,87.9,1694.8
D11-U01,S004,2026-07-25,6.7,71.5,87.8,1701.5
D11-U01,S004,2026-07-26,4.8,51.5,88.7,1706.3
D11-U01,S004,2026-07-27,6.4,69.0,88.1,1712.7
D11-U01,S004,2026-07-28,7.5,80.5,88.2,1720.2
D11-U01,S004,2026-07-29,7.5,80.9,87.9,1727.7
D11-U01,S004,2026-07-30,8.2,88.5,88.9,1735.9
D11-U01,S004,2026-07-31,6.6,70.5,88.3,1742.5
D11-U01,S004,2026-08-01,8.1,87.1,88.5,1750.6
D11-U01,S004,2026-08-02,6.6,71.6,88.0,1757.2
D11-U01,S004,2026-08-03,7.5,81.1,88.9,1764.7
D11-U01,S004,2026-08-04,8.6,93.0,88.3,1773.3
D11-U01,S004,2026-08-05,6.3,68.1,89.1,1779.6
D11-U01,S004,2026-08-06,7.6,83.2,89.0,1787.2
785-U01,S004,2026-07-08,6.4,99.0,83.2,1793.5
785-U01,S004,2026-07-09,7.7,118.5,82.4,1801.2
785-U01,S004,2026-07-10,5.6,86.7,82.3,1806.8
785-U01,S004,2026-07-11,7.3,112.9,82.7,1814.1
785-U01,S004,2026-07-12,6.6,102.3,83.4,1820.7
785-U01,S004,2026-07-13,8.4,129.7,83.0,1829.1
785-U01,S004,2026-07-14,8.1,124.9,82.8,1837.2
785-U01,S004,2026-07-15,9.7,149.7,82.8,1846.9
785-U01,S004,2026-07-16,8.2,126.9,83.4,1855.1
785-U01,S004,2026-07-17,8.3,128.5,83.6,1863.4
785-U01,S004,2026-07-18,6.3,98.4,82.7,1869.7
785-U01,S004,2026-07-19,8.8,136.9,82.7,1878.5
785-U01,S004,2026-07-20,7.1,110.3,83.4,1885.6
785-U01,S004,2026-07-21,8.4,130.3,83.5,1893.9
785-U01,S004,2026-07-22,7.5,117.1,82.7,1901.5
785-U01,S004,2026-07-23,9.1,142.2,82.9,1910.6
785-U01,S004,2026-07-24,5.8,91.6,83.8,1916.4
785-U01,S004,2026-07-25,6.0,93.5,83.4,1922.4
785-U01,S004,2026-07-26,8.6,134.6,83.7,1931.0
785-U01,S004,2026-07-27,9.8,154.0,83.5,1940.8
785-U01,S004,2026-07-28,8.4,131.3,83.5,1949.1
785-U01,S004,2026-07-29,8.7,137.0,83.5,1957.8
785-U01,S004,2026-07-30,7.3,114.2,84.0,1965.1
785-U01,S004,2026-07-31,9.1,143.1,84.1,1974.2
785-U01,S004,2026-08-01,8.0,126.7,83.5,1982.2
785-U01,S004,2026-08-02,7.0,111.5,83.8,1989.3
785-U01,S004,2026-08-03,10.6,167.8,83.5,1999.9
785-U01,S004,2026-08-04,7.1,112.1,84.0,2007.0
785-U01,S004,2026-08-05,8.3,131.9,84.4,2015.3
785-U01,S004,2026-08-06,6.3,100.1,83.6,2021.6
239D3-U04,S004,2026-07-08,8.1,121.3,88.0,1844.1
239D3-U04,S004,2026-07-09,7.3,108.6,88.5,1851.4
239D3-U04,S004,2026-07-10,8.0,121.0,88.4,1859.4
239D3-U04,S004,2026-07-11,10.5,160.1,88.2,1869.9
239D3-U04,S004,2026-07-12,5.0,76.8,89.5,1875.0
239D3-U04,S004,2026-07-13,8.5,129.8,89.1,1883.4
239D3-U04,S004,2026-07-14,5.5,85.4,89.3,1888.9
239D3-U04,S004,2026-07-15,6.5,101.8,90.3,1895.4
239D3-U04,S004,2026-07-16,6.8,107.8,90.0,1902.3
239D3-U04,S004,2026-07-17,7.4,117.4,89.8,1909.7
239D3-U04,S004,2026-07-18,11.8,188.5,89.9,1921.5
239D3-U04,S004,2026-07-19,6.4,102.5,90.5,1928.0
239D3-U04,S004,2026-07-20,7.9,127.4,91.3,1935.9
239D3-U04,S004,2026-07-21,5.8,94.0,91.2,1941.7
239D3-U04,S004,2026-07-22,8.0,129.7,91.3,1949.7
239D3-U04,S004,2026-07-23,7.1,116.0,90.7,1956.8
239D3-U04,S004,2026-07-24,5.5,89.2,91.5,1962.3
239D3-U04,S004,2026-07-25,8.5,140.1,91.7,1970.8
239D3-U04,S004,2026-07-26,8.0,133.2,91.9,1978.8
239D3-U04,S004,2026-07-27,7.5,124.3,92.2,1986.3
239D3-U04,S004,2026-07-28,10.6,178.1,93.1,1996.9
239D3-U04,S004,2026-07-29,6.9,115.7,93.1,2003.8
239D3-U04,S004,2026-07-30,9.1,154.8,93.6,2012.9
239D3-U04,S004,2026-07-31,8.4,143.8,93.1,2021.3
239D3-U04,S004,2026-08-01,8.1,138.6,93.7,2029.4
239D3-U04,S004,2026-08-02,4.2,72.7,93.2,2033.6
239D3-U04,S004,2026-08-03,8.0,138.8,93.4,2041.6
239D3-U04,S004,2026-08-04,7.9,137.9,94.8,2049.5
239D3-U04,S004,2026-08-05,8.3,144.5,93.9,2057.7
239D3-U04,S004,2026-08-06,8.2,145.3,94.2,2066.0
18-U02,S004,2026-07-08,6.5,84.8,82.3,2625.9
18-U02,S004,2026-07-09,7.9,103.4,83.0,2633.8
18-U02,S004,2026-07-10,6.3,82.3,81.9,2640.1
18-U02,S004,2026-07-11,9.5,125.0,82.4,2649.6
18-U02,S004,2026-07-12,6.3,82.7,82.6,2655.9
18-U02,S004,2026-07-13,11.1,145.2,82.1,2667.0
18-U02,S004,2026-07-14,5.6,73.4,83.2,2672.6
18-U02,S004,2026-07-15,4.5,58.6,82.7,2677.0
18-U02,S004,2026-07-16,6.6,87.1,82.7,2683.6
18-U02,S004,2026-07-17,5.9,77.7,83.4,2689.5
18-U02,S004,2026-07-18,6.6,87.2,82.8,2696.1
18-U02,S004,2026-07-19,6.4,84.7,83.0,2702.5
18-U02,S004,2026-07-20,8.5,112.0,83.3,2711.0
18-U02,S004,2026-07-21,6.9,91.2,83.3,2717.9
18-U02,S004,2026-07-22,8.8,116.0,82.7,2726.6
18-U02,S004,2026-07-23,9.7,127.7,82.8,2736.3
18-U02,S004,2026-07-24,5.1,67.7,83.4,2741.4
18-U02,S004,2026-07-25,7.1,94.9,83.4,2748.5
18-U02,S004,2026-07-26,8.3,110.1,82.7,2756.7
18-U02,S004,2026-07-27,8.4,112.0,82.8,2765.1
18-U02,S004,2026-07-28,7.9,105.8,82.8,2773.0
18-U02,S004,2026-07-29,6.7,90.1,83.5,2779.8
18-U02,S004,2026-07-30,8.4,113.2,83.0,2788.2
18-U02,S004,2026-07-31,8.9,119.2,83.4,2797.1
18-U02,S004,2026-08-01,7.1,95.0,83.2,2804.2
18-U02,S004,2026-08-02,10.2,136.5,83.0,2814.4
18-U02,S004,2026-08-03,6.8,92.1,83.9,2821.2
18-U02,S004,2026-08-04,8.3,111.6,83.5,2829.5
18-U02,S004,2026-08-05,6.0,80.0,84.0,2835.5
18-U02,S004,2026-08-06,7.4,99.5,83.8,2842.8
120-U01,S004,2026-07-08,6.3,81.6,83.0,4972.3
120-U01,S004,2026-07-09,8.2,107.1,83.3,4980.5
120-U01,S004,2026-07-10,6.8,89.0,83.6,4987.4
120-U01,S004,2026-07-11,6.1,78.7,83.1,4993.4
120-U01,S004,2026-07-12,7.8,101.5,83.6,5001.2
120-U01,S004,2026-07-13,5.7,74.3,83.4,5006.9
120-U01,S004,2026-07-14,7.6,99.8,83.7,5014.5
120-U01,S004,2026-07-15,8.1,106.0,83.3,5022.6
120-U01,S004,2026-07-16,6.9,90.5,82.9,5029.5
120-U01,S004,2026-07-17,9.9,129.2,83.0,5039.4
120-U01,S004,2026-07-18,4.7,61.4,84.0,5044.1
120-U01,S004,2026-07-19,7.6,99.9,82.9,5051.6
120-U01,S004,2026-07-20,9.9,130.1,83.0,5061.5
120-U01,S004,2026-07-21,7.5,98.6,83.9,5069.0
120-U01,S004,2026-07-22,9.2,121.1,83.1,5078.2
120-U01,S004,2026-07-23,6.2,81.5,83.5,5084.4
120-U01,S004,2026-07-24,6.2,82.5,83.1,5090.7
120-U01,S004,2026-07-25,11.2,148.4,83.6,5101.9
120-U01,S004,2026-07-26,8.4,111.2,83.5,5110.3
120-U01,S004,2026-07-27,10.5,138.8,84.4,5120.8
120-U01,S004,2026-07-28,5.2,69.1,84.4,5126.0
120-U01,S004,2026-07-29,8.2,109.3,83.9,5134.2
120-U01,S004,2026-07-30,5.0,65.7,84.5,5139.2
120-U01,S004,2026-07-31,7.8,103.5,83.8,5146.9
120-U01,S004,2026-08-01,8.3,110.8,83.6,5155.3
120-U01,S004,2026-08-02,7.2,96.4,84.4,5162.5
120-U01,S004,2026-08-03,5.4,72.0,83.7,5167.9
120-U01,S004,2026-08-04,7.7,103.1,84.7,5175.6
120-U01,S004,2026-08-05,10.0,133.4,84.5,5185.6
120-U01,S004,2026-08-06,9.7,129.6,84.0,5195.3
120-U02,S005,2026-07-08,6.6,74.9,84.9,4620.2
120-U02,S005,2026-07-09,8.2,95.1,84.4,4628.5
120-U02,S005,2026-07-10,7.3,84.9,84.8,4635.8
120-U02,S005,2026-07-11,8.3,96.2,85.6,4644.1
120-U02,S005,2026-07-12,6.2,72.9,85.6,4650.3
120-U02,S005,2026-07-13,6.4,75.8,84.9,4656.7
120-U02,S005,2026-07-14,7.9,93.4,86.2,4664.5
120-U02,S005,2026-07-15,10.2,122.8,85.4,4674.8
120-U02,S005,2026-07-16,8.0,96.5,87.1,4682.7
120-U02,S005,2026-07-17,8.6,103.0,85.9,4691.3
120-U02,S005,2026-07-18,7.1,85.5,87.2,4698.4
120-U02,S005,2026-07-19,6.0,72.9,86.8,4704.3
120-U02,S005,2026-07-20,9.2,113.1,86.9,4713.6
120-U02,S005,2026-07-21,7.7,94.9,87.1,4721.3
120-U02,S005,2026-07-22,8.0,99.2,87.9,4729.2
120-U02,S005,2026-07-23,5.8,72.4,89.0,4735.0
120-U02,S005,2026-07-24,8.9,110.8,88.9,4743.9
120-U02,S005,2026-07-25,9.0,113.0,89.3,4752.8
120-U02,S005,2026-07-26,8.5,107.2,89.9,4761.3
120-U02,S005,2026-07-27,7.9,100.4,89.4,4769.2
120-U02,S005,2026-07-28,6.4,82.7,89.5,4775.6
120-U02,S005,2026-07-29,4.3,56.4,91.1,4779.9
120-U02,S005,2026-07-30,6.1,79.1,90.6,4786.0
120-U02,S005,2026-07-31,8.6,113.4,91.6,4794.6
120-U02,S005,2026-08-01,7.5,99.1,91.2,4802.1
120-U02,S005,2026-08-02,6.8,89.8,91.6,4808.9
120-U02,S005,2026-08-03,8.6,114.4,91.1,4817.6
120-U02,S005,2026-08-04,5.9,78.4,91.2,4823.5
120-U02,S005,2026-08-05,8.6,116.1,92.0,4832.1
120-U02,S005,2026-08-06,4.0,53.4,93.3,4836.1
MD6250-U05,S005,2026-07-08,9.4,91.8,85.9,3105.2
MD6250-U05,S005,2026-07-09,8.6,85.0,87.5,3113.9
MD6250-U05,S005,2026-07-10,7.3,71.8,86.5,3121.1
MD6250-U05,S005,2026-07-11,7.2,71.3,87.3,3128.3
MD6250-U05,S005,2026-07-12,9.2,92.6,86.8,3137.6
MD6250-U05,S005,2026-07-13,7.5,74.2,87.2,3145.0
MD6250-U05,S005,2026-07-14,7.7,77.7,88.7,3152.7
MD6250-U05,S005,2026-07-15,6.5,66.4,88.6,3159.2
MD6250-U05,S005,2026-07-16,8.5,86.5,88.1,3167.7
MD6250-U05,S005,2026-07-17,7.3,74.5,89.4,3175.1
MD6250-U05,S005,2026-07-18,8.5,86.8,89.3,3183.5
MD6250-U05,S005,2026-07-19,8.0,82.9,89.4,3191.5
MD6250-U05,S005,2026-07-20,7.0,72.5,89.7,3198.5
MD6250-U05,S005,2026-07-21,6.2,64.6,90.3,3204.6
MD6250-U05,S005,2026-07-22,6.2,65.1,90.4,3210.9
MD6250-U05,S005,2026-07-23,8.6,90.7,90.1,3219.4
MD6250-U05,S005,2026-07-24,8.9,93.8,91.0,3228.3
MD6250-U05,S005,2026-07-25,7.8,83.2,90.1,3236.0
MD6250-U05,S005,2026-07-26,6.2,66.8,91.1,3242.2
MD6250-U05,S005,2026-07-27,7.4,80.1,91.9,3249.6
MD6250-U05,S005,2026-07-28,8.3,90.3,92.2,3257.9
MD6250-U05,S005,2026-07-29,5.7,62.2,92.4,3263.5
MD6250-U05,S005,2026-07-30,9.9,109.5,92.1,3273.4
MD6250-U05,S005,2026-07-31,6.6,73.8,91.7,3280.1
MD6250-U05,S005,2026-08-01,6.6,73.4,91.7,3286.7
MD6250-U05,S005,2026-08-02,6.9,78.1,93.4,3293.6
MD6250-U05,S005,2026-08-03,8.2,92.7,92.7,3301.8
MD6250-U05,S005,2026-08-04,7.7,86.8,93.4,3309.5
MD6250-U05,S005,2026-08-05,5.5,63.1,94.1,3315.0
MD6250-U05,S005,2026-08-06,7.1,82.3,94.1,3322.2
D3-U04,S005,2026-07-08,7.4,101.5,83.7,2190.6
D3-U04,S005,2026-07-09,6.0,82.3,84.8,2196.6
D3-U04,S005,2026-07-10,8.9,124.5,85.3,2205.4
D3-U04,S005,2026-07-11,7.9,113.7,86.2,2213.3
D3-U04,S005,2026-07-12,8.5,122.5,88.2,2221.8
D3-U04,S005,2026-07-13,8.9,131.1,88.2,2230.7
D3-U04,S005,2026-07-14,7.3,109.9,89.2,2238.0
D3-U04,S005,2026-07-15,7.1,107.8,90.4,2245.1
D3-U04,S005,2026-07-16,5.7,86.5,89.5,2250.8
D3-U04,S005,2026-07-17,5.3,81.7,90.9,2256.1
D3-U04,S005,2026-07-18,10.2,161.8,92.4,2266.3
D3-U04,S005,2026-07-19,7.1,112.8,92.0,2273.4
D3-U04,S005,2026-07-20,11.7,189.5,93.3,2285.1
D3-U04,S005,2026-07-21,8.5,139.7,95.6,2293.6
D3-U04,S005,2026-07-22,9.0,149.0,95.5,2302.5
D3-U04,S005,2026-07-23,5.8,98.1,95.1,2308.3
D3-U04,S005,2026-07-24,5.6,95.7,96.0,2314.0
D3-U04,S005,2026-07-25,8.8,153.0,98.0,2322.8
D3-U04,S005,2026-07-26,6.5,114.0,99.0,2329.3
D3-U04,S005,2026-07-27,5.1,89.8,99.3,2334.4
D3-U04,S005,2026-07-28,8.0,142.9,99.3,2342.4
D3-U04,S005,2026-07-29,8.1,146.3,101.2,2350.5
D3-U04,S005,2026-07-30,5.3,97.3,100.3,2355.8
D3-U04,S005,2026-07-31,5.3,98.0,102.2,2361.1
D3-U04,S005,2026-08-01,9.1,172.5,102.3,2370.2
D3-U04,S005,2026-08-02,8.1,154.2,104.1,2378.3
D3-U04,S005,2026-08-03,8.1,157.1,104.7,2386.5
D3-U04,S005,2026-08-04,8.5,164.6,104.5,2394.9
D3-U04,S005,2026-08-05,5.5,106.6,106.2,2400.4
D3-U04,S005,2026-08-06,9.7,191.4,107.4,2410.1
MD6200-U02,S005,2026-07-08,8.0,105.1,87.8,2549.6
MD6200-U02,S005,2026-07-09,9.4,123.7,88.5,2559.0
MD6200-U02,S005,2026-07-10,7.6,100.0,88.6,2566.6
MD6200-U02,S005,2026-07-11,5.5,72.8,88.0,2572.1
MD6200-U02,S005,2026-07-12,7.1,93.0,88.0,2579.2
MD6200-U02,S005,2026-07-13,7.8,103.3,88.1,2587.0
MD6200-U02,S005,2026-07-14,8.1,106.7,88.0,2595.0
MD6200-U02,S005,2026-07-15,7.0,92.3,88.0,2602.0
MD6200-U02,S005,2026-07-16,6.8,90.2,88.6,2608.8
MD6200-U02,S005,2026-07-17,6.1,81.5,88.4,2614.9
MD6200-U02,S005,2026-07-18,7.8,103.4,87.8,2622.7
MD6200-U02,S005,2026-07-19,6.9,92.6,88.6,2629.6
MD6200-U02,S005,2026-07-20,3.9,52.0,88.1,2633.5
MD6200-U02,S005,2026-07-21,7.7,102.3,88.5,2641.2
MD6200-U02,S005,2026-07-22,7.9,104.9,88.2,2649.1
MD6200-U02,S005,2026-07-23,7.3,98.1,88.9,2656.4
MD6200-U02,S005,2026-07-24,7.2,95.9,88.4,2663.5
MD6200-U02,S005,2026-07-25,6.3,84.0,88.4,2669.8
MD6200-U02,S005,2026-07-26,7.7,103.2,88.3,2677.5
MD6200-U02,S005,2026-07-27,8.5,113.5,88.5,2686.0
MD6200-U02,S005,2026-07-28,5.8,77.8,88.3,2691.8
MD6200-U02,S005,2026-07-29,8.7,117.3,88.7,2700.5
MD6200-U02,S005,2026-07-30,4.2,57.1,88.7,2704.8
MD6200-U02,S005,2026-07-31,9.6,129.3,88.3,2714.4
MD6200-U02,S005,2026-08-01,7.0,95.3,88.9,2721.4
MD6200-U02,S005,2026-08-02,5.8,78.4,88.4,2727.2
MD6200-U02,S005,2026-08-03,7.5,101.1,89.4,2734.7
MD6200-U02,S005,2026-08-04,9.3,125.8,89.1,2744.0
MD6200-U02,S005,2026-08-05,6.0,81.4,88.8,2750.0
MD6200-U02,S005,2026-08-06,7.9,107.0,88.6,2758.0
D3-U05,S005,2026-07-08,10.3,142.7,84.2,5509.6
D3-U05,S005,2026-07-09,7.9,110.0,84.9,5517.5
D3-U05,S005,2026-07-10,7.7,108.4,86.0,5525.2
D3-U05,S005,2026-07-11,5.9,84.3,85.1,5531.2
D3-U05,S005,2026-07-12,7.2,103.0,86.1,5538.3
D3-U05,S005,2026-07-13,7.3,104.5,86.3,5545.7
D3-U05,S005,2026-07-14,8.4,121.2,86.3,5554.1
D3-U05,S005,2026-07-15,6.9,99.0,86.8,5561.0
D3-U05,S005,2026-07-16,8.4,122.4,87.8,5569.4
D3-U05,S005,2026-07-17,7.4,108.0,87.7,5576.8
D3-U05,S005,2026-07-18,6.1,89.8,86.9,5582.9
D3-U05,S005,2026-07-19,8.2,122.2,88.2,5591.1
D3-U05,S005,2026-07-20,7.1,105.6,87.6,5598.2
D3-U05,S005,2026-07-21,9.9,148.7,89.2,5608.1
D3-U05,S005,2026-07-22,11.2,168.3,88.6,5619.3
D3-U05,S005,2026-07-23,7.5,113.2,89.0,5626.7
D3-U05,S005,2026-07-24,9.1,139.5,89.8,5635.8
D3-U05,S005,2026-07-25,5.5,84.3,90.4,5641.3
D3-U05,S005,2026-07-26,10.7,164.9,89.7,5652.1
D3-U05,S005,2026-07-27,6.9,107.6,89.5,5658.9
D3-U05,S005,2026-07-28,6.9,107.4,90.5,5665.8
D3-U05,S005,2026-07-29,8.3,130.5,91.0,5674.2
D3-U05,S005,2026-07-30,8.7,137.3,90.9,5682.9
D3-U05,S005,2026-07-31,6.7,106.0,91.2,5689.6
D3-U05,S005,2026-08-01,9.0,144.7,91.9,5698.6
D3-U05,S005,2026-08-02,8.2,131.5,91.3,5706.8
D3-U05,S005,2026-08-03,8.2,131.7,92.6,5715.0
D3-U05,S005,2026-08-04,8.5,137.2,92.9,5723.5
D3-U05,S005,2026-08-05,5.7,93.6,91.9,5729.2
D3-U05,S005,2026-08-06,7.1,117.0,92.1,5736.3
MD6250-U06,S005,2026-07-08,8.1,83.8,90.1,4284.2
MD6250-U06,S005,2026-07-09,6.8,69.8,89.4,4290.9
MD6250-U06,S005,2026-07-10,8.9,91.8,89.5,4299.8
MD6250-U06,S005,2026-07-11,9.6,98.6,90.1,4309.4
MD6250-U06,S005,2026-07-12,8.5,87.0,89.5,4317.8
MD6250-U06,S005,2026-07-13,7.7,79.1,90.2,4325.5
MD6250-U06,S005,2026-07-14,7.3,75.6,89.6,4332.8
MD6250-U06,S005,2026-07-15,5.7,58.7,89.9,4338.5
MD6250-U06,S005,2026-07-16,6.1,63.4,90.6,4344.6
MD6250-U06,S005,2026-07-17,8.6,90.2,90.3,4353.3
MD6250-U06,S005,2026-07-18,8.7,90.4,89.9,4362.0
MD6250-U06,S005,2026-07-19,5.8,60.2,90.5,4367.7
MD6250-U06,S005,2026-07-20,6.9,72.0,89.8,4374.7
MD6250-U06,S005,2026-07-21,5.2,54.0,89.9,4379.9
MD6250-U06,S005,2026-07-22,9.6,99.6,90.4,4389.4
MD6250-U06,S005,2026-07-23,6.0,62.7,90.0,4395.5
MD6250-U06,S005,2026-07-24,9.4,97.4,90.7,4404.8
MD6250-U06,S005,2026-07-25,7.0,72.7,90.1,4411.8
MD6250-U06,S005,2026-07-26,7.6,79.3,89.8,4419.3
MD6250-U06,S005,2026-07-27,6.0,62.6,90.8,4425.3
MD6250-U06,S005,2026-07-28,7.8,82.1,90.0,4433.1
MD6250-U06,S005,2026-07-29,5.6,59.4,90.1,4438.7
MD6250-U06,S005,2026-07-30,7.1,74.3,89.9,4445.8
MD6250-U06,S005,2026-07-31,9.1,95.6,90.7,4454.9
MD6250-U06,S005,2026-08-01,9.4,98.9,90.0,4464.3
MD6250-U06,S005,2026-08-02,7.0,74.6,90.4,4471.3
MD6250-U06,S005,2026-08-03,7.0,73.9,91.0,4478.3
MD6250-U06,S005,2026-08-04,9.1,95.8,90.4,4487.4
MD6250-U06,S005,2026-08-05,10.1,107.1,91.1,4497.5
MD6250-U06,S005,2026-08-06,6.8,72.4,90.3,4504.3
